{"train_loss": 0.10311692953109741, "epoch": 0, "trainer/global_step": 1199, "_timestamp": 1693382103.8932395, "_runtime": 205.5460524559021, "_step": 23}